Number,Address,Bedrooms,Baths,SquareFeet,YearBuilt,YearSold,CostPerSqFt,SalePrice
1,1510 First Ave #112 ,2,1,1120,1993,2005,6.25,7000
2,1020 Center St ,3,1,1224,1900,2006,22.06,27000
3,918 Chatterton St ,4,1,1540,1970,2006,18.18,28000
4,1023 & 1025 Spring St. ,3,1,1154,1900,2006,26,30000
5,503 2nd Ave ,3,1,1277,1900,2005,24.08,30750
6,9090 Clay St ,3,1,1079,1900,2005,38.92,42000
7,1426 Prince ,2,1,768,1955,2005,59.9,46000
8,416 Park St ,2,1.5,1152,1900,2005,42.97,49500
9,320 Park St ,3,2,912,1900,2005,54.82,50000
10,1014 Pearl St ,3,2,1488,1900,2005,33.6,50000
11,1117 4th Ave ,5,2,1720,1900,2005,30.52,52500
12,501 High ,4,1.75,2160,1880,2006,25,54000
13,820 Elm St ,3,1.5,1034,1900,2006,52.22,54000
14,1532 Davis Ave ,2,1.5,1129,1900,2005,51.37,58000
15,1421 Summer Street ,2,1,720,1950,2005,80.56,58000
16,1023 Elm St ,2,1,1008,1900,2005,58.53,59000
17,617 State St ,3,1,888,1973,2006,66.44,59000
18,705 Elm St ,4,0.75,1440,1954,2006,41.67,60000
19,602 5th Ave ,4,2.75,2105,1900,2005,28.74,60500
20,1506 Prince St ,2,1,913,1955,2005,67.91,62000
21,603 8th Ave ,3,1,1224,1900,2006,52.7,64500
22,1024 Pearl ,3,1.5,1224,1900,2005,57.19,70000
23,1016 Elm St ,3,1.5,1696,1900,2005,42.45,72000
24,917 Center St ,4,1.75,2428,1900,2005,29.65,72000
25,516 West St ,3,1,995,1900,2005,73.37,73000
26,604 Washington Ave ,2,1.75,640,1959,2005,117.19,75000
27,1814 3rd Avenue ,3,1,850,1973,2005,88.24,75000
28,1005 High St ,5,2,2064,1900,2005,36.34,75000
29,819 Prince St ,2,1,892,1900,2005,84.53,75400
30,408 5th Ave ,3,2,1416,1900,2005,53.67,76000
31,421 5th Ave ,4,2.5,2065,1900,2005,36.8,76000
32,1603 Summer St ,3,1.5,1248,1976,2005,61.3,76500
33,1314 3rd Avenue ,3,1.75,1394,1900,2005,55.6,77500
34,233 Park Street ,3,1.75,1616,1900,2005,48.27,78000
35,1211 Main St ,3,1.5,1648,1900,2005,47.33,78000
36,606 Prairie St ,3,1.75,952,1964,2005,83.51,79500
37,1332 Spring St ,3,1,1560,1900,2005,51.22,79900
38,1010 High St ,4,1,1862,1918,2005,43.23,80500
39,703 Main St ,7,0,3106,1900,2005,26.08,81000
40,1834 4th Ave. ,3,1.75,984,1957,2005,83.33,82000
41,9125 Center St ,2,1.25,1927,1925,2005,42.81,82500
42,1413 Prince St ,3,1,942,1962,2005,89.17,84000
43,832 High Street ,4,2.75,2948,1900,2005,29.85,88000
44,11 Washington Place ,3,1,810,1983,2006,108.64,88000
45,328 East St ,3,1,1040,1964,2005,86.54,90000
46,3146 40th St ,3,1.75,1682,1978,2006,53.51,90000
47,710 East St ,3,1.75,1459,1950,2005,61.69,90000
48,1317 Prince St ,3,1.5,1152,1900,2006,81.6,94000
49,1628 7th Ave ,3,1.5,1076,1950,2005,88.29,95000
50,1801 10th Ave Place ,3,1,1284,1962,2005,73.99,95000
51,3798 20th St ,2,1.75,1317,1900,2005,72.13,95000
52,722 Penrose ,3,1,1396,1975,2005,68.41,95500
53,1122 Spencer St ,3,1.5,0,1973,2005,0,97000
54,1316 5th ,3,1,1180,1957,2005,82.2,97000
55,1316 5th ,3,1,1180,1957,2005,82.2,97000
56,15173 Highway F-17 Ea,3,1.75,964,1978,2006,101.14,97500
57,1226 Elm St ,3,1,1241,1952,2006,78.97,98000
58,603 Main Street ,3,1.5,2321,1900,2005,42.65,99000
59,611 Pearl St ,3,1.5,880,1982,2005,113.64,100000
60,1130 Summer St ,3,1.5,2022,1870,2006,51.93,105000
61,298 455th Ave. ,3,1,1368,1920,2005,76.75,105000
62,515 12th Ave ,4,1.75,1108,1966,2005,97.47,108000
63,420 13th Ave ,3,1.5,1091,1961,2006,98.99,108000
64,1507 Penrose St ,4,1.5,1036,1976,2005,105.21,109000
65,507 11th Avenue ,3,1,1082,1967,2005,100.74,109000
66,1527 West St. ,3,1.75,1690,1961,2005,65.38,110500
67,1529 West St ,3,1.75,1028,1952,2006,107.49,110500
68,409 Park Street ,3,1.75,1064,1971,2006,106.67,113500
69,602 11th Ave. ,2,1.75,1132,1955,2005,100.71,114000
70,1610 Fourth Ave ,3,1.75,2143,1966,2005,54.13,116000
71,1328 Reed St ,3,1.75,1348,1956,2005,86.8,117000
72,415 12th Ave ,4,1.75,1900,1969,2005,61.84,117500
73,1715 6th Ave ,3,1.75,2300,1950,2005,51.74,119000
74,232 4th Ave W ,3,2.5,1700,2005,2005,70.29,119500
75,234 4th Ave W ,3,2.5,1700,2005,2005,70.29,119500
76,930 13th Avenue ,2,1,1144,1957,2005,106.21,121500
77,1327 Summer Street ,3,2,1794,1917,2005,68,122000
78,1509 Elm St ,3,1.5,1380,1900,2005,89.13,123000
79,1610 4th Ave ,3,1.75,2143,1966,2006,58.33,125000
80,1123 Reed St ,3,1.5,1152,1959,2006,108.51,125000
81,321 4th Ave ,5,1.5,2050,1900,2005,60.98,125000
82,812 8th Avenue ,4,2,1613,1950,2005,78.12,126000
83,1916 Belmont Drive ,3,1,1176,1978,2006,107.14,126000
84,1330 Prince Street ,3,1,1238,1957,2005,102.99,127500
85,1316 4th Ave ,3,1.5,1712,1900,2005,75.06,128500
86,1321 Patricia Ave ,3,1,1219,2003,2005,106.64,130000
87,1817 Prince St ,3,1.75,2000,1971,2005,65.5,131000
88,1628 10th Ave Place ,3,2,1793,1959,2005,73.34,131500
89,3 Melrose Ln ,3,2,1152,2000,2005,114.58,132000
90,1309 Penrose ,3,1.75,1309,1971,2005,101.6,133000
91,103 14th Ave ,3,1.75,1326,1979,2005,101.81,135000
92,1600 8th Ave ,3,1.5,1420,1957,2005,95.07,135000
93,1808 10th Ave Place ,4,1.75,1423,1964,2005,96.28,137000
94,1810 Spencer Street ,4,1.5,1440,1969,2005,96.53,139000
95,712 12th Ave ,2,3,1548,1971,2005,90.37,139900
96,1234 Summer St ,4,1.5,1862,1918,2005,75.73,141000
97,1417 6th Ave ,3,1.5,2052,1907,2006,74.07,152000
98,1828 Prairie St ,4,2.5,1632,1974,2005,93.75,153000
99,819 9th Ave ,4,3.5,2438,1941,2005,63.17,154000
100,920 High St ,0,0,3247,1900,2005,47.74,155000
101,14647 N30th Ave E ,3,2.75,1664,1990,2005,93.75,156000
102,1803 Summer St ,4,1.75,1248,1974,2006,125,156000
103,821 16th Ave ,4,2,1728,1965,2006,90.86,157000
104,1912 Spring street ,3,1.75,1591,1993,2005,98.68,157000
105,1919 Spencer St ,4,3,1528,1976,2005,105.37,161000
106,1830 Country Club Dr ,3,1.75,1316,1968,2006,122.72,161500
107,1816 Prairie St ,4,2.5,2078,1973,2005,80.37,167000
108,1816 Reed St ,4,2.5,1352,1977,2006,124.26,168000
109,1823 Sunset St ,3,1.75,1622,1986,2005,104.81,170000
110,1611 Prairie St ,4,3,2400,1969,2005,71.67,172000
111,606 16th Ave ,3,2.75,1268,1982,2005,136.04,172500
112,1815 Manor Dr ,5,2.75,2267,1968,2005,77.19,175000
113,932 Elm St ,4,3.5,2621,1900,2006,66.96,175500
114,1721 Manor Drive ,4,2.5,3000,1961,2005,60,180000
115,734 16th Ave #12 ,4,2,1429,1990,2005,125.96,180000
116,1312 Michael Avenue ,2,2,1470,2000,2005,123.81,182000
117,1415 Main St ,4,1.5,2396,1890,2006,78.05,187000
118,1840 Reed St ,4,1.75,1504,1975,2006,126.26,189900
119,1676 Hwy. T38N #50 ,4,2.75,2021,2000,2005,97.97,198000
120,7 College Park Rd ,3,2.5,1768,1955,2005,113.12,200000
121,1410 Elm St ,6,3,3034,1910,2005,67.57,205000
122,1405 Broad St ,5,2.75,2838,1895,2005,72.94,207000
123,5 College Park Rd ,3,2,2500,1956,2005,90.8,227000
124,509 16th St ,4,3,1806,1990,2006,127.35,230000
125,1910 Spring St ,3,1.75,1564,1991,2005,147.06,230000
126,406 15th St ,5,3,1892,1977,2005,125,236500
127,1905 Sunset St ,3,2.5,2172,1991,2005,112.8,245000
128,1515 Broad St ,5,2.5,3025,1911,2006,99.17,300000
129,1929 Reed St ,4,3,2066,1998,2005,169.41,350000
130,2007 Reed St ,5,3,2144,2001,2005,163.25,350000
131,508 5th Ave ,2,1,772,1900,2006,19.43,15000
132,510 High St ,2,1,1016,1900,2006,23.62,24000
133,533 High St ,3,2,2098,1900,2006,11.68,24500
134,1532 Summer St ,0,0,0,1900,2006,0,25000
135,410 Park St ,2,1,924,1900,2006,29.76,27500
136,721 Pearl St ,3,1,1008,1900,2006,27.78,28000
137,823 Prince St ,2,1,939,1900,2006,39.4,37000
138,432 Broad St ,4,1.75,1626,1900,2006,29.52,48000
139,732 East St ,2,2,1680,1900,2006,30.36,51000
140,535 Broad St ,3,1,1328,1900,2007,39.91,53000
141,1222 6th Ave ,2,1,872,1942,2007,68.81,60000
142,721 Center Street ,4,0.75,1250,1900,2006,51.12,63900
143,1328 West St ,4,2,1333,1900,2006,49.51,66000
144,9033 A Clay Street ,2,1,792,1947,2006,85.86,68000
145,417 West St ,3,1,1068,1900,2006,64.51,68900
146,232 Main St ,2,1.5,856,1963,2006,84.7,72500
147,703 7th Ave. ,3,1.25,1065,1900,2006,68.54,73000
148,1110 Prairie ,4,2,1665,1900,2006,45.05,75000
149,1804 Belmont ,2,1.5,1222,1965,2007,62.19,76000
150,604 Washington Ave ,2,1.75,640,1959,2006,121.88,78000
151,15102 Newcomer Ave. ,3,1.5,1116,1924,2006,70.34,78500
152,403 Main St ,4,1.5,1982,1883,2006,40.36,80000
153,1411 6th Ave ,4,0.75,1352,1900,2006,59.17,80000
154,617 State St ,3,1,888,1973,2007,90.09,80000
155,1412 8th Ave ,2,1,884,1963,2006,91.52,80900
156,1120 Hamilton ,2,1,900,1924,2006,91.67,82500
157,609 High St ,4,2,1506,1880,2006,54.78,82500
158,1409 Hobart St ,3,1,942,1954,2006,89.7,84500
159,1328 Prairie St ,2,1.75,992,1953,2007,85.18,84500
160,524 Main St ,3,1,1460,1900,2007,58.22,85000
161,712 7th Ave ,2,1,1595,1948,2006,53.29,85000
162,1309 Spencer St ,3,1,1176,1910,2006,73.13,86000
163,1006 Fairfield St ,2,1,1024,1962,2006,84.47,86500
164,1019 Spring St ,3,2,0,1900,2006,0,87000
165,813 1st Ave ,5,2,2166,1900,2006,40.17,87000
166,517 Spring St ,3,1,1261,1900,2006,69.39,87500
167,824 Summer St ,3,1,1519,1900,2007,57.71,87669
168,1409 Prince St ,3,1,984,1960,2006,90.96,89500
169,409 5th Ave ,3,2,1678,1900,2007,53.93,90500
170,1121 Prince St ,2,1,1196,1912,2006,77.76,93000
171,1423 Prairie St ,3,1.5,984,1955,2006,97.05,95500
172,1010 Prairie St ,4,1.75,1680,1964,2006,58.04,97500
173,1408 West St ,2,1.75,1352,1949,2006,72.49,98000
174,1624 5th Ave. ,3,1,1440,1900,2007,68.06,98000
175,1839 4th Ave ,3,1.75,960,1963,2006,105.21,101000
176,1414 Prairie St ,3,1,1092,1959,2006,92.49,101000
177,1206 Spring St ,2,1.75,1040,1975,2007,99.76,103750
178,1303 Spencer St. ,4,1,2386,1900,2006,44.01,105000
179,1845 4th Ave ,3,1.5,1336,1959,2006,79.34,106000
180,1804 3rd Avenue ,4,1.5,1562,1972,2006,68.5,107000
181,1530 Spring St ,2,1.5,1371,1952,2006,80.23,110000
182,1520 Summer St ,3,1,942,1963,2006,118.68,111800
183,1605 Reed St ,3,2.75,1440,1967,2006,77.78,112000
184,711 420th Ave ,3,2,1458,1995,2006,77.16,112500
185,521 Harrison ,3,1,1040,1999,2006,108.65,113000
186,1816 Belmont Dr ,3,1.75,972,1966,2006,118.31,115000
187,1326 Spring St ,3,1.75,1120,1958,2007,102.68,115000
188,1833 Belmont ,4,1.75,1290,1959,2006,91.1,117525
189,803 6th Ave ,2,1.75,1246,1954,2007,96.31,120000
190,1412 Prairie Street ,3,1.5,1280,1953,2006,93.75,120000
191,1314 Prairie St ,3,2,1152,1951,2007,105.47,121500
192,1027 Summer ,4,1.75,1733,1930,2006,70.4,122000
193,1314 Reed St ,3,1.75,1484,1964,2006,82.21,122000
194,1420 Reed St ,3,2,1584,1954,2006,77.02,122000
195,25 Eagle Dr ,3,1.75,1134,1973,2006,107.58,122000
196,503 Harrison Ave ,3,2,1333,2002,2006,94.9,126500
197,1015 Elm St ,2,1.5,1258,1970,2006,100.95,127000
198,1830 4th Ave ,3,1.75,1040,1957,2006,123.08,128000
199,1221 Summer St ,3,2,1916,1900,2006,68.95,132100
200,824 High St ,4,1.75,2451,1900,2006,54.67,134000
201,1219 West St ,3,1.5,1895,1915,2007,71.24,135000
202,1412 Prairie St ,3,2,1280,1953,2006,105.47,135000
203,1311 Hobart St ,4,1.75,1600,1963,2006,84.69,135500
204,507 10th Ave ,4,2.5,1994,1900,2006,68.2,136000
205,1623 Reed St ,3,2.5,1232,1968,2006,112.58,138700
206,414 15th Ave ,3,2.5,1344,1978,2006,104.17,140000
207,1315 Summer St ,3,1,1256,1959,2006,113.46,142500
208,917 Center St ,4,1.75,2428,1900,2007,58.69,142500
209,1817 Reed St ,3,2.25,1167,1976,2006,123.82,144500
210,1723 Spencer ,4,1.75,1416,1962,2006,102.4,145000
211,1514 West St ,4,2,3108,1875,2006,46.65,145000
212,1309 Penrose ,3,1.75,1052,1971,2006,139.73,147000
213,407 11th Ave ,4,1.75,896,1965,2006,165.18,148000
214,1403 Patricia Ave ,2,1.75,1221,2006,2007,121.62,148500
215,93 13th Ave ,4,2.5,2018,1975,2007,73.84,149000
216,1401 Patricia Ave ,2,1.75,1221,2006,2006,123.63,150950
217,1900 10th St ,4,3,1560,1966,2006,99.36,155000
218,1810 Spencer St ,4,1.5,1440,1969,2006,108.33,156000
219,3694 Hwy 146 N ,2,1.5,3400,1967,2006,46.18,157000
220,1629 Reed St ,3,2.5,1288,1968,2007,124.15,159900
221,105 14th Avenue ,4,1.75,1130,1978,2006,141.59,160000
222,431 12th Ave ,3,1.75,1600,1966,2006,100,160000
223,1214 Broad St ,3,1.5,2344,1883,2006,69.33,162500
224,1904 Belmont Dr ,4,2.5,2026,1959,2006,82.92,168000
225,1138 Elm St ,3,1.75,2357,1900,2006,75.1,177000
226,12 Melrose Ln ,3,2,1341,2006,2006,132.74,178000
227,1628 10th ,4,1.5,1824,1963,2006,98.14,179000
228,2005 Manor Cir ,3,2,1450,1973,2006,124.07,179900
229,405 16th Ave ,4,3,1532,1987,2006,117.82,180500
230,734 16th Ave #8 ,3,3,2300,1988,2006,79.57,183000
231,2010 Country Club Dr ,3,1.75,1792,1962,2006,103.24,185000
232,1803 8th Ave ,4,1.75,1960,1900,2006,94.39,185000
233,629 Hwy 6 ,5,2.75,2372,1900,2006,77.99,185000
234,1321 Michael Ave ,3,2.5,2244,2000,2006,82.89,186000
235,1800 Manor Drive ,5,1.5,2384,1961,2006,85.99,205000
236,1120 Broad St ,8,6,4633,1900,2006,44.25,205000
237,1820 Manor Drive ,3,2.5,1416,1966,2006,151.84,215000
238,316 Brandon Street ,4,2.25,1604,2006,2006,141.52,227000
239,1408 Michael Ave ,4,2.75,1623,2001,2006,141.71,230000
240,409 15th Ave ,4,3,2100,1980,2006,115.24,242000
241,155 380th Ave ,4,3,1548,1999,2006,159.88,247500
242,1433 Main St ,5,3,2440,1900,2006,102.46,250000
243,2003 Spring St ,3,2.75,1910,1996,2006,140.31,268000
244,4345 20th St ,3,2,1786,2005,2006,158.17,282500
245,317 Bailey St ,3,2,1782,2006,2006,160.04,285200
246,1501 Michael Ave ,3,2,1849,2006,2006,176.31,326000
247,4234 20th St ,5,4.5,2947,1997,2006,120.46,355000
248,606 Van Horne Cir ,5,3.5,4779,1994,2006,77.74,371500
249,217 16th Ave ,5,3.5,3514,2003,2006,140.87,495000
250,711 Pearl St ,3,1,1224,1900,2008,7.6,9300
251,1418 3rd Ave. ,2,1,1022,1900,2007,10.67,10900
252,508 Spring Street ,3,1,1425,1910,2007,15.09,21500
253,603 High ,2,1,1066,1900,2007,20.64,22000
254,521 Spring St ,3,2,1195,1900,2007,23.43,28000
255,607 Spring St ,3,1,951,1900,2007,33.12,31500
256,1511 Davis Ave ,3,1,1109,1900,2007,33.36,37000
257,924 Pearl ,2,1,1565,1900,2007,23.64,37000
258,401 2nd Ave ,3,1,1267,1900,2007,30.78,39000
259,721 Spring St ,2,1,832,1900,2007,46.88,39000
260,415 Spring St ,2,1,984,1970,2007,50.81,50000
261,1120 Spring St ,2,1,768,1900,2007,69.66,53500
262,1627 7th Ave ,3,1,864,1956,2007,65.39,56500
263,711 8th Ave. ,3,0.75,1138,1900,2007,50,56900
264,422 High St ,3,1,960,1900,2007,62.97,60450
265,515 6th Ave ,3,2,1382,1900,2008,44.14,61000
266,609 8th Ave. ,3,1.75,1352,1900,2007,46.6,63000
267,1223 3rd Ave ,4,1.5,1494,1900,2007,43.84,65500
268,514 Park St ,3,1,966,1915,2007,68.32,66000
269,1022 Pearl ,3,1.75,1347,1900,2008,50.85,68500
270,411 1st Ave ,3,1,1266,1900,2007,54.98,69600
271,433 Marvin ,2,2,1322,1975,2007,55.22,73000
272,823 Prince St ,2,1,939,1920,2007,79.34,74500
273,521 2nd Ave ,3,1,1184,1900,2007,66.72,79000
274,1534 Spencer St ,4,1.5,1352,1900,2007,59.17,80000
275,1411 Elm St ,4,1,1380,1900,2007,58.23,80360
276,1217 1st Ave ,4,1.5,2220,1900,2007,36.21,80395
277,904 East St ,4,2,2746,1900,2007,29.32,80500
278,704 Elm Street ,3,1.5,972,1900,2007,85.39,83000
279,429 8th Ave ,3,1.75,816,1958,2007,103.55,84500
280,1421 Hobart ,2,1.5,1034,1900,2007,82.88,85700
281,1428 E Ann St ,2,1.75,1206,1946,2007,72.14,87000
282,328 8 th Ave ,3,1.75,1404,1900,2007,61.97,87000
283,1122 Ann Street ,3,2,1502,1900,2007,58.09,87250
284,1702 6th Ave ,5,5,4650,1900,2007,18.82,87500
285,515 Broad Street ,2,2,1423,1900,2007,61.84,88000
286,815 High St ,2,1,820,1940,2007,108.54,89000
287,440 12th Ave ,3,1,984,1965,2007,91.46,90000
288,1033 Spring Street ,4,1.75,1493,1900,2007,60.28,90000
289,516 West St ,3,1,995,1900,2008,90.95,90500
290,531 East St ,3,1.25,1008,1959,2007,90.77,91500
291,415 5th Ave ,2,1,1380,1900,2007,66.3,91500
292,1112 Ann St ,3,1.5,1388,1900,2007,67.72,94000
293,1717 9th Ave ,3,1,1336,1957,2008,71.11,95000
294,1417 5th Avenue ,3,1,960,1953,2007,98.96,95000
295,1422 Spencer St ,3,1.5,1790,1900,2008,54.75,98000
296,1025 Chatterton St ,4,1.75,2004,1900,2007,48.9,98000
297,615 High St ,2,1,1515,1900,2007,65.94,99900
298,1127 Main St ,2,1.5,1576,1952,2008,63.45,100000
299,101 6th Ave ,3,1,1136,1964,2007,88.73,100800
300,1612 7th Ave ,2,1,884,1900,2007,115.38,102000
301,1627 7th Ave ,3,1,864,1956,2007,121.53,105000
302,1703 Manor Dr ,3,1.5,1266,1958,2007,84.52,107000
303,1925 Country Club Dr ,3,1.75,1002,1966,2008,108.78,109000
304,1925 Country Club Dr ,3,1.75,1002,1966,2008,108.78,109000
305,5 Spring Cir ,3,2,1400,1974,2008,78.57,110000
306,1210 Hamilton Ave ,4,3,1440,1900,2007,76.39,110000
307,508 12th Ave ,3,1,1040,1966,2007,107.69,112000
308,1317 Spring St ,3,1.75,1541,1956,2008,73.33,113000
309,510 11th Ave ,3,1.75,1464,1961,2007,79.75,116750
310,523 Broad St ,3,2,2215,1900,2007,54.18,120000
311,533 High St ,3,2,2098,1900,2007,57.2,120000
312,1802 9th Ave ,3,1.5,1448,1954,2007,82.87,120000
313,1533 3rd Ave ,2,1,0,1980,2007,0,120000
314,1415 11th Ave ,3,1,1154,1956,2007,105.72,122000
315,1429 Summer St ,4,1.75,1512,1950,2007,82.34,124500
316,515 Marvin Ave ,3,2,1568,1993,2007,79.72,125000
317,524 High St ,4,1.5,2032,1898,2007,61.76,125500
318,501 Marvin Avenue ,3,1.75,866,1982,2008,145.5,126000
319,240 4th Ave ,3,2.5,1780,2005,2007,71.63,127500
320,930 13th Avenue ,2,1,1144,1957,2007,112.76,129000
321,1834 Spencer St ,3,1.75,1104,1969,2007,117.75,130000
322,3146 40th St ,3,1.75,1682,1978,2007,78.48,132000
323,120 6th Ave ,3,1.75,1410,1960,2008,94.33,133000
324,1604 Reed St ,3,1.5,1328,1967,2007,103.16,137000
325,1622 Spencer St. ,3,1.5,1314,1961,2007,104.26,137000
326,417 13th Ave ,3,1.25,1092,1964,2007,126.37,138000
327,321 4th Ave ,5,2.5,2050,1900,2007,68.29,140000
328,1808 8th Avenue ,3,2.5,1826,1964,2008,76.67,140000
329,1210 West St ,3,2.5,1816,1900,2007,78.19,142000
330,1433 Park St ,5,1.75,2336,1902,2008,61,142500
331,610 14th Avenue ,2,1.75,1144,1977,2007,126.75,145000
332,8 Oakland Dr ,3,1.75,1344,1964,2007,111.24,149500
333,1702 Country Club Dr ,3,2.5,1516,1950,2007,100.26,152000
334,1704 Spencer St ,4,2.75,2000,1964,2008,79,158000
335,329 Main St ,3,1.75,1232,1988,2007,131.09,161500
336,1919 Spencer St ,4,2,1528,1976,2007,106.02,162000
337,1529 Penrose ,3,1.75,1104,1976,2008,149.91,165500
338,93 13th Ave ,4,2.5,1152,1975,2007,144.1,166000
339,7 Melrose Ln ,3,2,1480,2007,2007,117.57,174000
340,73 Fore Seasons Dr ,4,2,1230,1987,2007,142.28,175000
341,1525 7th Ave ,4,2,1804,1900,2007,99.78,180000
342,605 16th Ave ,3,2.5,1468,1981,2007,123.98,182000
343,1226 Summer St ,3,1.5,1820,1900,2007,100.55,183000
344,99 14th Ave ,4,2.75,2205,1979,2007,85.71,189000
345,1915 Manor Cir ,4,1.5,2645,1968,2007,73.72,195000
346,1764 Hwy. T-38 N #80 ,3,2.5,1739,2001,2008,115.01,200000
347,808 High St ,3,1.5,2300,1905,2007,89.13,205000
348,308 Brandon St ,5,2.75,1382,2006,2008,152.68,211000
349,1509 Broad St ,5,1.5,2286,1900,2007,97.99,224000
350,1818 Prince St ,4,2.75,1602,1989,2007,140.45,225000
351,1703 Park St ,3,1.5,2004,1918,2007,121.13,242750
352,1905 Sunset ,3,2.5,2172,1991,2008,115.1,250000
353,316 Bailey St ,5,2.5,1600,2006,2007,156.88,251000
354,1922 Prairie St ,5,3.5,3386,1996,2007,76.76,259900
355,1409 Patricia Dr ,3,2,1630,2007,2008,159.51,260000
356,1950 Manor Cir ,4,3.5,3850,1963,2007,68.83,265000
357,827-829 East St ,4,2,2425,1890,2007,112.78,273500
358,317 Brandon Street ,3,2,1598,2006,2007,172.03,274900
359,1940 Reed St ,4,4,1932,2006,2007,158.9,307000
360,2013 Reed St ,4,3,2304,2001,2007,156.25,360000
361,1923 Reed St ,4,3,2330,1999,2007,163.09,380000
362,1928 Reed St ,6,4.5,4225,2004,2007,94.67,400000
363,217 16th Ave ,5,3.5,3514,2003,2007,145.13,510000
364,1117 Hamilton Ave ,3,1,1087,1900,2009,19.32,21000
365,9085 Newton St. ,3,1,1512,1900,2008,17.2,26000
366,1032 Pearl ,2,1,1036,1900,2008,27.51,28500
367,619 Reed St ,2,1,776,1900,2008,38.66,30000
368,411 West Street ,3,1,1321,1900,2008,25.74,34000
369,1510 Spencer St ,1,1,640,1900,2008,70.31,45000
370,300 Park St ,6,1,1374,1900,2008,36.39,50000
371,1231 Spring St ,2,1,992,1900,2008,51.41,51000
372,1515 Reed St ,2,1,784,1954,2008,68.24,53500
373,605 Reed St ,3,0.75,1052,1900,2008,51.33,54000
374,612 State St ,2,1,832,1900,2008,69.11,57500
375,508 5th Ave ,2,1,772,1900,2008,79.02,61000
376,1504 Spencer ,3,1.75,1168,1950,2008,53.94,63000
377,508 Spring Street ,3,1,1425,1910,2008,48.42,69000
378,1411 3rd St ,4,1,1568,1900,2008,44.64,70000
379,1425 Reed St ,3,2,1696,1900,2008,41.86,71000
380,913 Center ,2,1,884,1955,2008,81.45,72000
381,526 East St ,2,1,900,1964,2009,80,72000
382,922 Summer St ,4,1,1372,1900,2008,54.66,75000
383,510 Hamilton ,4,1,1320,1900,2008,58.33,77000
384,1321 West St ,2,2,1224,1900,2008,63.32,77500
385,1527 Summer Street ,1,1,1187,1952,2008,65.71,78000
386,320 11th Ave ,2,1,1372,1957,2008,61.22,84000
387,524 Main St ,3,1,1460,1900,2008,58.22,85000
388,1003 Prairie St ,2,2,1240,1900,2008,68.55,85000
389,521 Spring St ,3,2,1195,1900,2008,72.8,87000
390,909 East St ,3,1.75,1912,1900,2008,45.5,87000
391,1523 Priairie St ,2,1.75,1054,1954,2008,83.49,88000
392,1706 4th Ave ,2,1.5,1000,1900,2008,88.5,88500
393,1831 4th Ave ,4,1.75,1040,1967,2009,86.54,90000
394,406 State St ,3,1.5,1200,1973,2008,75,90000
395,1419 Spencer St ,3,1.75,1200,1914,2009,75.83,91000
396,1816 Belmont Drive ,3,1.75,972,1966,2008,97.02,94300
397,1601 4th Avenue ,3,1.5,1519,1890,2008,62.87,95500
398,303 East St ,3,1.5,1200,1959,2008,84.17,101000
399,1533 Reed ,3,1,1344,1900,2008,81.85,110000
400,722 Penrose ,3,1.25,1396,1975,2008,79.51,111000
401,1710 4th Ave. ,2,1,968,1952,2008,114.67,111000
402,1627 10th Ave ,3,1.5,1060,1959,2008,105.66,112000
403,1402 Prince St ,3,1.75,1198,1958,2008,98.5,118000
404,1534 Prairie Street ,3,1.5,1252,1956,2008,94.65,118500
405,1525 Prairie St ,4,2,1503,1956,2008,79.17,119000
406,1806 West St ,3,1.75,1144,1978,2008,104.9,120000
407,1315 Penrose ,3,1.5,1273,1971,2008,95.44,121500
408,1703 4th Ave. ,4,2,2518,1900,2008,48.45,122000
409,236 4th Ave W ,3,2.5,1780,2005,2008,70.22,125000
410,1410 Spring St ,3,1.75,1236,1955,2008,101.13,125000
411,1602 Summer ,2,1,1122,1904,2008,111.41,125000
412,1610 4th Ave ,3,1.75,2143,1966,2008,58.8,126000
413,1335 Reed St ,2,1.75,960,1958,2008,131.77,126500
414,1521 8th Ave ,4,1.75,2236,1947,2008,56.8,127000
415,1827 Prairie Street ,3,1.75,986,1974,2008,131.85,130000
416,1827 Prairie Street ,3,1.75,986,1974,2008,131.85,130000
417,1407 Elm St ,3,1,1448,1900,2008,89.78,130000
418,1724 10th Avenue Place,3,2.5,1380,1961,2008,94.2,130000
419,515 10th Ave ,3,1.75,1457,1900,2008,92.45,134700
420,909 Elm St ,4,1.5,1949,1913,2008,69.27,135000
421,512 11th ave ,3,1,1279,1956,2008,109.46,140000
422,1515 Spring St ,3,1.75,1470,1956,2008,100.34,147500
423,1808 10th Avenue Place,3,1.75,1423,1964,2008,105.06,149500
424,13310 Highway 6 E ,3,2.5,1120,1971,2008,138.39,155000
425,530 10th Ave ,4,1.5,1736,1941,2008,89.29,155000
426,928 High St ,5,1.75,2198,1900,2008,70.52,155000
427,1401 Patricia Ave ,2,1.75,1218,2006,2008,131.36,160000
428,821 16th Ave ,4,2,1728,1965,2008,92.59,160000
429,1617 West St ,3,1.75,1276,1966,2008,125.39,160000
430,1806 Summer St ,4,3,1680,1996,2009,96.43,162000
431,1816 Prince ,5,2.5,1560,1971,2009,104.17,162500
432,1527 Penrose ,3,1.75,1156,1979,2008,141.44,163500
433,1205 Bliss St ,4,1.5,1572,1966,2008,104.96,165000
434,1209 Elm St ,3,1.5,1748,1920,2008,94.39,165000
435,1709 10th Avenue ,3,1.5,1552,1964,2008,106.89,165900
436,1925 Manor Cir ,4,2.75,1224,1977,2009,136.85,167500
437,1515 Spencer St ,4,2.5,2236,1955,2009,75.13,168000
438,1835 Sunset St ,3,1.75,1268,1990,2008,138.01,175000
439,1611 Summer St ,3,2,1656,1996,2008,107.19,177500
440,81 Fore Season Dr ,4,2.75,1332,1986,2009,143.39,191000
441,1124 Elm St ,4,1.5,2518,1905,2008,81.41,205000
442,2003 Spencer St ,4,3.5,2940,1994,2008,70.07,206000
443,1907 Spring Street ,4,3,1581,1993,2008,135.2,213750
444,1116 Main St ,4,2.5,2804,1901,2008,80.24,225000
445,2024 Reed St ,5,3.5,2020,1997,2008,111.39,225000
446,316 Bailey Street ,5,2.75,1622,2006,2009,138.72,225000
447,1500 Michael Ave ,4,3.5,2179,2005,2008,106.47,232000
448,2 15th Avenue Ct ,4,2.5,2068,1978,2008,113.64,235000
449,1410 Elm St ,0,3,3034,1910,2008,78.44,238000
450,1840 Sunset ,5,3.5,2854,1980,2008,87.07,248500
451,1332 Elm St ,3,2,2991,1900,2008,84.25,252000
452,1934 Reed St ,5,3,3658,2003,2008,69.71,255000
453,2019 Reed St ,3,2,1904,2007,2008,141.75,269900
454,1923 Prairie St ,3,2.5,2326,2000,2008,124.25,289000
455,1922 Prairie St ,5,3.5,3386,1996,2008,88.16,298500
456,2007 Reed St ,5,3,2144,2000,2008,165.58,355000
457,1900 Manor Dr ,6,3,3360,1969,2008,116.82,392500
458,124 360th Ave ,3,3.5,3894,2001,2008,109.14,425000
459,511 2nd Ave. ,2,1,840,1900,2009,30.95,26000
460,535 Main St ,2,1,1040,1942,2010,45.19,47000
461,310 2nd Ave ,2,1,1098,1900,2009,42.81,47000
462,1220 Garfield Ave ,2,1,784,1961,2009,66.33,52000
463,1121 Prince St ,3,1,1196,1912,2009,43.48,52000
464,728 Summer St. ,3,1,1167,1900,2009,49.27,57500
465,911 Summer St ,2,0.75,676,1900,2009,90.98,61500
466,1228 Spencer St ,4,1,1056,1958,2009,67.52,71300
467,1328 West St ,4,2,1333,1900,2010,54.76,73000
468,1807 6th Ave ,3,1.75,1690,1900,2009,44.38,75000
469,523 Center St ,3,1,962,1978,2010,77.96,75000
470,629 High St ,2,1,1052,1900,2009,75.1,79000
471,1009 Pearl St ,2,1,768,1962,2009,104.17,80000
472,803 6th St ,1,1.75,1246,1954,2009,67.42,84000
473,1517 Prairie St ,2,1,856,1961,2009,99.3,85000
474,1111 Spring St ,5,1.5,1436,1900,2009,61.98,89000
475,605 Center ,2,1,924,1963,2009,96.32,89000
476,1120 West St ,3,2,1799,1900,2009,49.47,89000
477,1508 Summer St ,2,1.75,960,1953,2009,93.75,90000
478,1935 Manor Cir ,3,1.5,1222,1966,2010,74.47,91000
479,1527 9th Ave ,2,1,1224,1958,2009,75.16,92000
480,1313 Spring St ,3,1,1102,1954,2009,83.94,92500
481,915 East St ,4,1,1742,1900,2009,53.1,92500
482,421 Main St ,3,1.5,1424,1900,2009,66.01,94000
483,2007 Spring St ,3,1.75,1164,1982,2009,81.19,94500
484,531 10th Ave ,2,1,1042,1930,2009,91.17,95000
485,1811 8th Avenue ,2,1.75,976,1957,2009,100.92,98500
486,328 East St ,3,1,1040,1964,2010,98.08,102000
487,1414 9th Avenue Lane ,3,1.5,976,1969,2009,110.66,108000
488,1534 Spencer St ,3,1.75,1352,1900,2009,80.62,109000
489,1010 Pearl St ,4,1.75,1673,1900,2009,65.75,110000
490,1203 Spencer St ,4,1.75,1338,1955,2009,82.21,110000
491,406 Hamilton Ave ,3,1.75,1040,1967,2009,105.77,110000
492,318 East ,3,1.5,1488,1972,2009,74.6,111000
493,1522 3rd Ave ,3,1,1040,1963,2010,106.73,111000
494,1310 Spring St ,3,1,1050,1957,2009,109.43,114900
495,33 Fore Seasons Dr ,3,3.5,1890,1977,2009,60.85,115000
496,508 12th Ave ,3,1,1040,1966,2009,111.06,115500
497,439 12th Ave ,3,1,1040,1966,2009,113.46,118000
498,1312 Summer St ,3,2,1196,1977,2009,99.5,119000
499,1129 Ann St ,3,1,1183,1949,2009,103.89,122900
500,1220 6th Ave ,4,2,1776,1900,2009,70.59,125375
501,3 Melrose Ln ,3,2,1152,2000,2009,110.24,127000
502,1611 Spencer St ,2,1.75,1382,1959,2009,92.62,128000
503,1325 4th Avenue ,3,1.75,1991,1888,2009,65.29,130000
504,511 10th Ave ,3,1.75,1172,1940,2009,110.92,130000
505,665 420th Ave ,3,1.75,1440,1976,2009,90.8,130750
506,1310 Main Street ,3,1.5,1904,1907,2009,69.85,133000
507,1420 9th Ave Lane ,3,2.5,1632,1970,2009,82.72,135000
508,1513 Davis ,2,0.75,1144,1900,2010,21.85,25000
509,721 Center St ,3,1,1527,1900,2010,17.03,26000
510,1211 Hamlin ,2,1,1152,1986,2010,23.52,27100
511,514 Spring St ,3,1,820,1962,2011,45.12,37000
512,818 Summer St ,3,2,1546,1900,2010,35.09,54250
513,1425 5th Ave. ,2,1,1128,1900,2011,48.76,55000
514,1600 Summer St ,2,1,1080,1950,2010,50.93,55000
515,820 Elm St ,3,1.5,1034,1900,2010,60.44,62500
516,1125 Spring St ,3,1,866,1982,2010,75.06,65000
517,615 High ,2,1,1515,1900,2010,44.88,68000
518,1029 Pearl St ,3,1.5,1223,1900,2011,57.15,69900
519,621 1st Ave ,2,1.5,1158,1968,2010,60.45,70000
520,1303 Prairie St ,2,1.25,1148,1945,2010,60.98,70000
521,1402 Elm St ,0,0,1042,1900,2011,71.98,75000
522,1533 Prairie St ,3,1,1299,1972,2010,57.74,75000
523,421 1st Ave W ,4,1.75,1708,1900,2011,45.08,77000
524,1322 Spring St ,2,1,1240,1900,2011,66.13,82000
525,511 Center St ,3,1.25,856,1963,2010,96.85,82900
526,1825 6th Ave ,4,2.5,2000,1920,2011,41.5,83000
527,810 Elm St ,2,2,1033,1900,2010,83.25,86000
528,924 Pearl St ,3,1.75,1565,1900,2010,58.15,91000
529,608 Washington Ave ,3,1,942,1964,2010,96.6,91000
530,710 East St ,3,1.75,1459,1940,2010,67.85,99000
531,1839 4th Ave ,3,1.75,960,1963,2011,108.85,104500
532,1812 10th Ave. Place ,3,1.75,1064,1963,2010,100.56,107000
533,307 East St. ,4,1.5,1440,1900,2010,76.04,109500
534,827 High Street ,2,1,1186,1949,2010,94.01,111500
535,1827 Prairie St ,3,2,986,1974,2010,113.59,112000
536,303 East St ,3,1.5,1200,1959,2010,95,114000
537,1835 9th Ave ,2,1.25,960,1956,2010,120.31,115500
538,611 Pearl Street ,3,1.5,880,1982,2010,133.52,117500
539,1611 10th Ave ,3,1.75,1078,1958,2010,110.39,119000
540,918 Reed St ,4,1,1540,1900,2010,79.61,122600
541,605 10th Ave ,3,1.5,1922,1900,2010,64,123000
542,933 Prairie St ,3,2,2127,1967,2010,58.77,125000
543,538 10th Ave ,3,1.5,1456,1900,2010,86.06,125300
544,1604 Reed St ,3,1.5,1328,1967,2011,96.39,128000
545,926 Prairie St ,4,1.75,1440,1966,2010,90.28,130000
546,1317 Spring St ,3,1.75,1541,1956,2011,85.66,132000
547,1328 Reed St ,3,1.75,1348,1956,2011,100.15,135000
548,511 10th Ave ,3,1.75,1172,1940,2010,116.89,137000
549,1315 Penrose ,4,2,1520,1971,2010,90.46,137500
550,1521 8th Ave ,4,1.75,2236,1943,2010,61.67,137900
551,1409 Michael Ave ,4,2.75,1896,2000,2010,74.1,140500
552,1312 Summer St ,3,1.75,1196,1977,2011,121.24,145000
553,1710 10th Ave ,4,2.5,1700,1963,2010,91.18,155000
554,1326 Elm St ,4,1.75,1136,1900,2010,140.85,160000
555,1426 Elm St ,4,2.5,2092,1946,2010,76.48,160000
556,1205 Bliss St ,4,1.5,1572,1966,2010,110.37,173500
557,1310 East St ,5,1.75,3047,1951,2011,59.07,180000
558,408 15th Ave ,4,2.5,1768,1978,2010,103.51,183000
559,7 College Park ,3,2.5,1768,1955,2010,104.64,185000
560,1820 Manor Dr ,3,3.5,1416,1966,2010,130.65,185000
561,1820 Manor Dr ,3,3.5,1416,1966,2010,130.65,185000
562,4 Hobart St ,5,3,1680,1999,2010,114.88,193000
563,515 9th Ave ,5,2.75,2546,1954,2010,77.57,197500
564,1505 Park St ,5,2.5,2620,1900,2011,89.69,235000
565,5 College Park Rd ,3,2,1556,1956,2010,165.81,258000
566,803 10th Ave ,4,2.5,2478,1917,2010,113.4,281000
567,1417 Michael Avenue ,4,3,2905,2003,2010,101.38,294500
568,2115 Country Club Dr ,3,2.5,2094,1964,2010,150.43,315000
569,1405 West St ,3,1,1349,1900,2012,18.53,25000
570,602 Main St ,4,1,1506,1900,2012,18.59,28000
571,1220 Spencer St ,2,1,664,1955,2011,56.48,37500
572,609 8th Ave. ,3,1.75,1352,1900,2011,28.33,38300
573,812 1st Ave ,3,1,1063,1900,2011,37.63,40000
574,1426 Prince St ,2,1,768,1955,2011,84.64,65000
575,1207 West St ,2,1,972,1955,2011,69.96,68000
576,1533 Prairie St ,3,1,1299,1972,2011,56.2,73000
577,325 East ,3,2,1840,1900,2011,46.2,85000
578,1830 4th Ave ,3,1.75,1040,1957,2011,81.73,85000
579,1121 Prairie St ,3,1.5,1472,1900,2011,61.14,90000
580,517 8th Ave ,2,1.75,1302,1956,2011,69.89,91000
581,512 10th Ave ,2,1,1200,1921,2011,79.58,95500
582,1211 Hamlin ,2,1.5,1152,1986,2011,84.2,97000
583,1528 10th ave ,4,1.75,1632,1900,2012,59.74,97500
584,498 390th Ave ,0,0,0,1900,2011,0,100000
585,1703 7th Ave ,2,1,1050,1956,2011,95.24,100000
586,1806 West St ,3,2,1144,1978,2011,95.28,109000
587,1831 4th Ave ,4,1.75,988,1967,2011,116.4,115000
588,15173 Highway F-17 Ea,3,1.75,964,1978,2011,119.81,115500
589,1 Shoreline Dr ,3,1.75,1412,1994,2011,83.22,117500
590,411 320th Ave ,4,2,2040,2005,2011,58.82,120000
591,1018 East St ,5,1.75,1860,1926,2012,64.52,120000
592,914 East St ,3,1.75,1192,1966,2011,102.35,122000
593,1030 East St ,4,2.5,1616,1900,2012,75.8,122500
594,1822 Belmont ,3,1.75,1232,1961,2012,103.9,128000
595,1812 West St ,5,1.75,1192,1979,2011,107.38,128000
596,1821 Spencer St ,3,1.75,1092,1969,2011,118.13,129000
597,1426 West St ,4,2,2418,1906,2012,53.76,130000
598,1611 10th Ave ,3,1.75,1078,1958,2011,123.84,133500
599,404 5th Ave ,3,2,2247,1900,2012,60.08,135000
600,1617 West St ,3,1.75,1556,1966,2011,86.76,135000
601,711 16th Ave #105 ,2,2,1407,2004,2011,97.73,137500
602,1622 Spencer St ,3,1.5,1314,1961,2011,105.4,138500
603,1703 Manor Dr ,3,1.5,1266,1958,2011,110.58,140000
604,1625 10th Ave Place ,3,1.75,1316,1959,2012,107.14,141000
605,1711 Spencer St. ,4,2.75,1408,1960,2011,106.46,149900
606,1227 Broad St ,3,1.75,1962,1950,2011,76.86,150800
607,2 Spring Cir ,3,2.5,1928,1976,2011,80.39,155000
608,1629 Park St ,3,1.75,1344,1958,2011,115.33,155000
609,1708 3rd Ave ,4,1.5,2168,1900,2011,71.96,156000
610,1822 Spring St ,3,2,1552,1975,2011,107.6,167000
611,1619 10th Ave ,3,1.75,1662,1958,2011,101.08,168000
612,1827 Reed St ,4,2.5,1824,1973,2011,92.65,169000
613,1521 Reed St ,4,1.75,1921,1900,2011,88.5,170000
614,1114 Elm St ,0,0,1818,1900,2012,99.01,180000
615,532 12th Ave ,3,2.5,1974,1976,2011,93.72,185000
616,1764 Hwy T-38 N-120 ,3,1.75,1586,2001,2011,119.48,189500
617,1811 Sunset St ,4,2.75,2768,1971,2012,70.45,195000
618,1321 Main St ,5,2.5,2930,1906,2011,68.26,200000
619,1125 Summer St ,4,1.75,2349,1900,2011,85.14,200000
620,2000 Country Club Dr ,4,3,1412,1968,2011,143.77,203000
621,1833 6th Ave ,5,2.5,2508,1900,2011,82.54,207000
622,1833 6th Ave ,5,2.5,2508,1900,2011,82.54,207000
623,1304 Michael Ave ,4,2.75,2341,2000,2011,89.71,210000
624,405 16th Ave ,0,0,0,1987,2011,0,210000
625,1925 Manor Cir ,5,2.75,2364,1977,2011,90.52,214000
626,1910 Spring Street ,3,1.75,1564,1991,2011,147.06,230000
627,5 Parkview Dr ,4,3,1528,1994,2011,150.52,230000
628,604 Vanhorn Cir ,0,0,0,1992,2012,0,235000
629,5 Fore Seasons Dr ,3,1.75,2581,1973,2012,94.92,245000
630,601 Van Horne Cir ,3,3,1484,1997,2011,168.4,249900
631,57 Fore Seasons Dr ,4,2.75,3264,1981,2011,78.09,254900
632,1909 Reed St ,3,3,4240,2001,2012,70.17,297500
633,1526 Main St ,4,2.5,3244,1992,2011,98.64,320000
634,124 360th Ave ,3,3.5,3894,2001,2012,84.75,330000
635,2001 Reed St ,5,3,2243,2000,2011,148.02,332000
636,429 6th Ave ,3,1.75,1220,1900,2012,11.48,14000
637,519 Broad ,4,1,1992,1900,2012,7.53,15000
638,1424 3rd Ave ,4,1,2494,1914,2012,14.43,36000
639,1016-1016 1/2 Pearl St ,2,2,1350,1900,2012,27.7,37400
640,822 Center St ,1,0.75,1092,1900,2012,34.8,38000
641,903 East St ,3,2,2226,1900,2013,17.97,40000
642,524 Main St ,4,1,1460,1900,2012,28.22,41200
643,1019 Spring St ,2,1.75,1280,1900,2012,37.5,48000
644,515 Broad St ,3,2,1423,1900,2012,36.19,51502
645,333 Park St ,2,1,1201,1900,2012,48.29,58000
646,1406 Spring St ,2,1,918,1947,2013,65.36,60000
647,1311 Davis Ave ,4,1.5,1420,1900,2012,42.96,61000
648,1327 Spencer St ,2,1,1176,1955,2012,53.15,62500
649,929-931 Spring St ,5,2,1541,1900,2012,42.5,65500
650,601 10th Ave ,2,1,982,1949,2013,67.21,66000
651,8 Washington Place ,2,1.75,0,1988,2013,0,69900
652,320 8th Ave ,5,3.5,3158,1900,2012,22.17,70000
653,1721 10th Avenue Place,3,1.75,1140,1960,2012,62.46,71200
654,1711 9th Ave ,3,1.75,1056,1958,2012,69.6,73500
655,9111 Center St. ,3,1,1746,1907,2012,42.96,75000
656,1413 8th Ave ,3,1.5,1013,1900,2012,74.04,75000
657,1314 Main St ,3,1.5,1366,1900,2013,56.3,76900
658,1019 Spring St ,3,1.75,1280,1900,2012,60.82,77850
659,1117 Ann St ,2,2,1052,1955,2012,74.14,78000
660,428 8th Ave ,3,1,962,1955,2012,83.16,80000
661,804 Summer St ,3,1,1344,1900,2012,64.36,86500
662,226 Pearl ,3,2,1782,1993,2013,49.38,88000
663,621 Pearl St ,3,1.75,1178,1977,2012,75.55,89000
664,1827 6th Ave ,4,1.5,1652,1900,2012,56.6,93500
665,610 5th Ave ,5,2.75,2146,1900,2012,44.27,95000
666,1846 5th Ave ,3,1.75,1030,1965,2013,92.23,95000
667,620 State St ,3,1.75,1299,1900,2012,77.75,101000
668,1834 4th Ave ,3,2,984,1957,2012,104.37,102700
669,515 Marvin Ave ,3,2,1568,1993,2012,66.65,104500
670,1417 Prince St ,4,1.25,1032,1962,2012,104.65,108000
671,606 Prairie St ,3,1.5,952,1964,2012,115.55,110000
672,117 8th Ave ,2,1.75,1144,1958,2012,96.15,110000
673,518 11th Ave ,3,1,1266,1982,2012,90.05,114000
674,1609 9th Ave ,3,1.25,1196,1956,2012,95.53,114250
675,565 320th Ave ,3,1,1984,1880,2012,57.91,114900
676,6830 E 152nd St S ,3,1.75,1687,1900,2012,68.17,115000
677,611 6th Ave W ,3,1,1422,1959,2012,80.87,115000
678,1735 10th Ave ,4,2,1900,1900,2012,60.53,115000
679,521 Harrison Ave ,3,1.75,1040,1999,2012,111.54,116000
680,1705 Spencer St. ,3,1.75,1040,1964,2013,112.98,117500
681,1010 Pearl St ,4,2,1673,1900,2012,71.13,119000
682,1533 Reed ,3,1,1344,1900,2012,88.79,119340
683,1321 Patricia Ave ,2,1,1219,2003,2012,98.44,120000
684,615 Harrison ,4,1.75,1259,1999,2012,95.31,120000
685,1305 Penrose ,4,1.5,794,1971,2013,157.43,125000
686,802 East St ,2,1.5,1668,1900,2012,74.94,125000
687,2010 Spring St ,3,1.75,1404,1994,2012,89.67,125900
688,1520 Main St ,2,1,1428,1949,2012,89.29,127500
689,1802 9th Ave ,3,1.5,1448,1954,2012,89.09,129000
690,1802 9th Ave ,3,1.5,1448,1954,2012,89.09,129000
691,432 460th Ave ,2,1,1176,1994,2012,110.54,130000
692,507 12th Ave ,3,1.75,1040,1965,2012,126.92,132000
693,9 Oakridge Dr ,3,1.5,1440,1971,2012,92.01,132500
694,929 Elm St ,3,1.5,1286,1900,2012,103.03,132500
695,1808 4th Ave ,3,1.75,1200,1964,2012,111.67,134000
696,925 Reed St ,3,2,2192,1900,2012,61.59,135000
697,1519 10th Ave ,3,2,1158,1959,2012,117.01,135500
698,1822 Belmont St ,3,1.75,1232,1961,2013,110.39,136000
699,524 High St ,4,1.5,2032,1900,2013,67.42,137000
700,812 8th Ave ,3,2,1613,1950,2012,86.79,140000
701,5742 E156th St S ,3,1.75,1284,1966,2012,109.03,140000
702,1204 Reed St ,4,2,1052,1950,2012,134.03,141000
703,1900 6th Ave ,3,1.5,1444,1956,2012,98.34,142000
704,1817 Reed St ,3,2.25,1167,1976,2012,122.54,143000
705,1201 Elm St ,4,1.5,2455,1910,2012,58.66,144000
706,827-829 East St ,4,1.75,2446,1900,2012,60.51,148000
707,3798 60th St ,4,2.5,1472,1974,2012,101.22,149000
708,1921 Spencer St ,3,1.75,1404,1970,2012,106.84,150000
709,1534 7th Ave ,3,1.75,1776,1956,2013,86.43,153500
710,615 14th Avenue ,3,2,1864,1996,2012,83.15,155000
711,1816 Sunset ,4,2,1112,1971,2012,140.29,156000
712,1810 Manor Dr ,0,0,0,1965,2012,0,157500
713,2035 Manor Cir ,2,1.75,1994,1972,2012,93.28,186000
714,1711 Prairie St ,4,3,1757,1969,2012,108.14,190000
715,1815 Manor Dr ,4,2.75,2267,1968,2012,84.47,191500
716,2010 Country Club Dr ,3,1.75,1234,1962,2012,158.02,195000
717,1503 Broad St ,4,1.5,2981,1906,2012,65.75,196000
718,97 Fore Seasons Dr ,3,3.5,2962,1996,2012,66.85,198000
719,1204 3rd Ave ,4,2.75,2840,1900,2012,75.7,215000
720,1408 Michael Ave ,4,2.75,1623,2001,2012,135.55,220000
721,4221 Porter Addition ,4,2.75,2188,1974,2012,103.06,225500
722,4216 Porter Addition ,4,2.75,2080,1975,2012,109.13,227000
723,1713 Country Club Drive,3,2.25,2231,1958,2012,120.98,269900
724,1425 Patricia Ave ,4,3,1490,2005,2013,181.21,270000
725,408 16th Ave ,3,3.5,2399,1989,2012,116.72,280000
726,1940 Prairie St ,6,3,2340,2004,2012,130.34,305000
727,2001 Reed St ,5,3,2243,2000,2012,147.12,330000
728,1923 Reed Street ,4,3,2330,1999,2012,167.38,390000
729,4259 20th St ,4,3,3922,1991,2012,108.36,425000
730,209 16th Avenue ,5,4.5,5421,2009,2012,110.68,600000
731,1104 3rd ,4,1,1802,1900,2014,13.82,24900
732,1432 Davis Ave ,2,1,919,1955,2013,27.2,25000
733,307 4th ,4,2,1934,1900,2013,15.51,30000
734,1713 7th Ave ,3,1,1691,1900,2013,19.52,33000
735,1120 Spring ,2,1,768,1900,2014,45.77,35151
736,1419 3rd Ave ,3,1.75,1406,1900,2013,26.32,37000
737,417 4th ,5,2,1622,1900,2014,24.66,40000
738,510 3rd Ave ,2,1,955,1900,2013,49.48,47250
739,120 3rd Ave W ,2,1,1196,1900,2013,41.81,50000
740,210 6th Ave ,3,1.5,1116,1974,2013,46.59,52000
741,300 Park St ,6,1,1374,1900,2013,37.85,52000
742,2005 Spring St #306 ,1,1,730,1982,2013,75.34,55000
743,721 Center St ,3,1,928,1900,2014,62.5,58000
744,1623 3rd ,4,2,1576,1900,2014,38.07,60000
745,417 Park St ,2,1,978,1900,2013,64.42,63000
746,511 Broad St ,3,1.25,1745,1900,2013,38.97,68000
747,1530 Prairie St ,2,1,816,1956,2013,83.95,68500
748,1517 Summer St ,2,1,1020,1950,2013,67.89,69250
749,8 Washington Place ,2,1.75,0,1988,2013,0,69900
750,1201 East St.. Ln ,3,1,1374,1900,2013,50.95,70000
751,1110 Hamilton Ave ,2,2,1530,1900,2013,45.75,70000
752,819 Prince St ,2,1,892,1900,2013,79.93,71300
753,1630 3rd Ave ,3,1,1040,1966,2013,69.23,72000
754,623 State St ,3,1,919,1973,2013,81.61,75000
755,1612 7th Ave ,2,1,884,1900,2013,88.24,78000
756,1517 Prairie St ,2,1,856,1961,2013,95.79,82000
757,711 Pearl St ,3,1.5,1296,1900,2013,64.04,83000
758,827 Prince ,3,1.5,1248,1900,2014,69.71,87000
759,416 West St ,3,2,1506,1920,2013,59.1,89000
760,617 Center St ,2,1,900,1963,2013,100,90000
761,710 Elm St ,3,1,0,1965,2013,0,91000
762,3264 HWY 63 ,3,1,1042,1942,2013,91.17,95000
763,1122 Ann Street ,3,2,1502,1900,2013,65.25,98000
764,531 East St ,3,1.25,1008,1959,2013,101.19,102000
765,1136 Summer St ,3,1,1209,1900,2013,84.37,102000
766,719 7th Ave ,2,1,1108,1956,2013,94.77,105000
767,1521 Penrose St ,4,1.5,1728,1975,2013,63.66,110000
768,1518 10th Ave ,3,1.75,1488,1967,2013,74.26,110500
769,1401 Prairie Street ,4,1.75,1764,1955,2013,63.78,112500
770,1810 9th Ave ,3,1.5,1638,1975,2013,70.21,115000
771,1124 Ann St ,3,1.75,1880,1900,2013,62.23,117000
772,1512 4th Ave ,3,1.5,1794,1900,2013,65.22,117000
773,1603 9th Ave ,3,1.75,1088,1955,2013,109.38,119000
774,523 Broad St ,4,2,2215,1900,2014,54.18,120000
775,1134 Spencer St ,3,1.75,1752,1900,2013,68.78,120500
776,711 16th Avenue #306 ,1,1,1172,2004,2013,103.67,121500
777,1415 11th Ave ,3,1,1154,1956,2013,106.59,123000
778,1317 5th Ave ,4,1.75,1548,1923,2013,80.75,125000
779,3525 40th St ,4,1.5,1903,1900,2013,65.69,125000
780,926 Prairie St ,4,1.75,1440,1966,2013,86.81,125000
781,1121 Main St ,4,3,3766,1900,2013,33.19,125000
782,519 Broad St ,4,1,1992,1900,2013,64.26,128000
783,1410 4th Ave ,4,1.5,1904,1900,2014,70.9,135000
784,1410 4th Ave ,4,1.5,1904,1900,2014,70.9,135000
785,824 High St ,5,2,2451,1900,2014,55.08,135000
786,3237 35th St ,4,2,2122,1900,2013,65.5,139000
787,1812 West St ,5,1.75,1192,1979,2013,118.29,141000
788,1525 7th Ave ,4,1.75,1804,1900,2013,80.38,145000
789,65 Fore Seasons Drive ,2,1.75,1176,1979,2013,125.6,147700
790,1620 Broad St ,2,2.5,1486,1950,2013,99.53,147900
791,1702 Country Club Dr ,3,2,1516,1950,2013,102.9,156000
792,1327 Summer Street ,4,1.5,1794,1917,2013,90.16,161750
793,671 400th Ave ,4,1.5,2010,1910,2013,84.58,170000
794,33 Eagle Dr ,4,3.5,1868,1996,2014,93.15,174000
795,490 450th Ave ,3,2,1464,1963,2014,118.85,174000
796,1426 Elm St. ,4,2.5,2092,1946,2013,83.65,175000
797,472 Ewart Rd ,3,2,1568,1987,2013,111.61,175000
798,1321 Michael Ave ,3,2.5,2244,2000,2013,80.21,180000
799,721 12th Ave ,3,2,2212,1954,2013,81.37,180000
800,1800 Manor Dr ,5,1.5,2384,1961,2013,75.5,180000
801,103 Broad St ,3,2.5,1400,1995,2013,130.71,183000
802,1810 Stoecker St ,5,2.75,1810,1969,2013,102.21,185000
803,1603 Prairie St ,5,2.5,1968,1968,2014,94,185000
804,1710 Country Club Dr ,3,1.5,1797,1955,2013,104.62,188000
805,4189 60th St ,4,1.5,1764,1900,2013,107.43,189500
806,1815 Manor Dr ,4,2.75,2365,1968,2013,80.97,191500
807,8 Valley View Dr ,4,1.75,1464,1972,2013,136.61,200000
808,1717 4th Ave ,4,2,2044,1915,2014,100.29,205000
809,1840 Reed St ,4,1.75,1504,1975,2013,140.96,212000
810,1824 Manor Dr ,3,3.5,2063,1987,2014,106.64,220000
811,1329 Michael ,5,3,1485,2001,2013,150.17,223000
812,81 Fore Seasons Dr ,3,2.75,1332,1986,2013,167.42,223000
813,1810 Sunset St ,3,2.75,1824,1970,2013,123.36,225000
814,120 Broad St S ,4,2,1540,2003,2013,148.05,228000
815,521 430th Ave ,6,1.5,1952,1900,2013,117.83,230000
816,1400 Michael ,3,2.5,1650,2001,2014,143.03,236000
817,155 380th Ave ,4,3,1548,1999,2013,158.91,246000
818,1902 Spring St ,4,3,2856,1997,2013,87.54,250000
819,1404 Broad St ,4,2.5,3254,1901,2014,79.9,260000
820,2003 Spring St ,3,2.75,1910,1996,2013,142.93,273000
821,803 10th Ave ,4,2.5,2478,1917,2013,117.03,290000
822,9 Fore Seasons Dr ,3,3,3395,2005,2013,88.37,300000
823,3774 20th St ,4,3,0,1995,2013,0,325000
824,317 Bailey St S ,5,2.75,3351,2006,2014,99.97,335000
825,1601 Michael ,3,4,4091,2004,2013,83.11,340000
826,1940 Reed St ,4,3,1932,2006,2013,175.98,340000
827,2007 Reed St ,0,0,0,2000,2013,0,381667
828,191 385th Ave ,3,3.5,2604,1999,2014,153.57,399900
829,1606 E 142 St S ,4,3,2340,2007,2013,170.94,400000
830,1527 Broad St ,4,3.5,6815,1918,2013,66.32,452000
831,515 6th Ave ,3,2,0,1900,2014,0,14200
832,521 8th ,3,1,1338,1900,2014,13.08,17500
833,1230 142nd St ,0,0,0,1900,2014,0,20000
834,1405 Prince St ,3,1.5,1094,1900,2015,18.28,20000
835,503 East St ,3,2,1904,1900,2014,12.84,24450
836,1803 6 Ave ,4,0,1736,1900,2014,19.01,33000
837,1605 4th Ave ,3,1,1728,1960,2015,20.25,35000
838,921 Pearl St ,4,1.75,1165,1900,2014,32.19,37500
839,1607 3rd Ave ,2,1,825,1972,2014,51.52,42500
840,1221 West St ,5,4,2663,1910,2014,16.9,45000
841,1228 Reed St ,5,1,1469,1952,2014,33.02,48500
842,918 Center St ,4,1,1722,1900,2014,29.04,50000
843,1226 Broad St ,3,1.75,2547,1895,2014,19.63,50000
844,903 Pearl St ,4,1.5,1396,1900,2014,42.98,60000
845,15148 Hwy F-17 E ,4,1,1456,1920,2014,42.93,62500
846,1114 Prairie St ,2,1,720,1959,2014,88.89,64000
847,415 4th Ave ,4,2,1656,1900,2014,39.25,65000
848,13127 E Hwy 6 Rd ,1,3,1156,1952,2014,56.23,65000
849,1120 Spring ,2,1,768,1900,2014,91.15,70000
850,603 Reed St ,2,1,1040,1900,2014,72.12,75000
851,1005 Center St ,3,1,1152,1900,2014,67.27,77500
852,413 320th Ave ,3,1.75,1152,1988,2015,67.27,77500
853,530 Hamilton Ave ,3,1.5,1312,1973,2015,59.45,78000
854,608 High St ,3,1.5,1522,1900,2015,51.91,79000
855,4 Washington Place ,4,1.5,810,1983,2014,104.94,85000
856,305 2nd Ave ,3,1,912,1957,2014,93.2,85000
857,1515 Summer ,3,1.75,1399,1948,2015,60.76,85000
858,3320 Hwy 63 ,3,2,1856,1920,2014,47.41,88000
859,430 1st Ave. W ,0,1.75,1152,1969,2014,78.13,90000
860,114 Broad St ,3,1.75,1056,1980,2015,85.23,90000
861,629 High St ,2,1,1052,1900,2014,87.93,92500
862,113 East St ,2,1,900,1963,2015,103.33,93000
863,1014 Fairfield St ,3,1,1104,1972,2014,84.24,93000
864,1326 Davis Ave ,3,1.75,858,1983,2014,110.72,95000
865,1603 Summer ,3,2,1008,1976,2014,96.13,96900
866,1419 Spencer St ,3,1.75,1375,1914,2014,70.55,97000
867,408 6th Ave ,3,1.75,1248,1914,2014,78.13,97500
868,307 East St ,4,1.5,1440,1900,2014,68.06,98000
869,1514 3rd Ave ,3,1.5,0,1963,2014,0,105000
870,1309 Elm St ,3,1.5,1152,1940,2014,92.71,106800
871,10 Valley View Dr ,2,1.5,1052,1978,2014,104.56,110000
872,1122 Ann St ,3,2,1502,1900,2014,73.24,110000
873,818 High St ,3,1.5,1535,1931,2014,74.59,114500
874,1520 4th Ave ,2,1,1064,1900,2014,108.08,115000
875,15153 Hwy F-17 E ,2,1.75,1144,1933,2014,100.52,115000
876,1601 4th Ave ,3,1.5,1519,1900,2014,76.04,115500
877,1828 8th Ave ,3,1,1040,1963,2014,112.5,117000
878,610 14th Ave ,2,1.75,1144,1977,2014,102.27,117000
879,416 12th Ave ,3,1,969,1967,2015,122.29,118500
880,523 Broad St ,4,2,2215,1900,2014,54.18,120000
881,1816 Belmont ,3,1.75,972,1966,2014,125.51,122000
882,1010 Pearl St ,4,1.75,1673,1900,2014,74.72,125000
883,1 Shoreline Dr ,3,1.75,1412,1994,2015,88.88,125500
884,1 Shoreline Dr ,3,1.75,1412,1994,2015,88.88,125500
885,615 Harrison Ave ,3,1.75,1259,1999,2014,101.47,127750
886,232 4th Ave W ,3,2.5,0,2004,2015,0,128500
887,1920 6th Ave ,3,1.5,1610,1968,2014,80.75,130000
888,712 7th Ave ,3,1,1826,1948,2015,72.29,132000
889,1713 4th Ave ,3,1.5,1610,1900,2014,86.96,140000
890,1027 Summer St ,3,2,1733,1900,2014,80.78,140000
891,1849 9th Ave ,4,1,1479,1952,2014,98.04,145000
892,1812 10th Avenue Place,3,2,1064,1963,2014,139.1,148000
893,1124 3rd Ave ,4,1.5,2424,1900,2014,61.47,149000
894,1834 Spencer St ,3,1.75,1104,1969,2014,136.78,151000
895,1839 Spencer St ,3,2,1548,1969,2014,102.71,159000
896,811 8th Ave ,4,2.25,1550,1900,2014,103.87,161000
897,1623 Reed St ,3,2.5,1232,1968,2014,131.49,162000
898,1504 Spencer St ,3,1.75,1412,1950,2014,115.08,162500
899,1907 Belmont Dr ,3,1.75,1376,1959,2014,119.27,164122
900,1604 8th Ave ,3,1.75,1546,1954,2015,107.37,166000
901,1433 Elm St ,3,1.5,1847,1948,2014,91.77,169500
902,33 Fore Seasons Dr ,3,3,0,1977,2014,0,173000
903,13822 Hwy F27 E ,4,2.5,1680,1999,2014,106.55,179000
904,1912 Spring St ,3,1.75,1591,1993,2014,115.65,184000
905,1726 Summer St ,4,1.75,1512,1996,2015,125,189000
906,1904 Belmont St ,4,2.5,2026,1959,2015,93.78,190000
907,515 9th Ave ,5,2.75,2546,1954,2014,75.41,192000
908,1806 Summer St ,4,3,1680,1996,2014,116.07,195000
909,308 Brandon St S ,5,2.75,1382,2006,2014,143.27,198000
910,105 E 156th St N ,2,1.5,1676,1964,2014,119.33,200000
911,114 East St ,3,2,1740,2012,2014,120.69,210000
912,1605 Reed St ,4,2.75,1440,1967,2014,146.53,211000
913,532 12th Ave. ,3,1,1974,1976,2014,107.4,212000
914,1428 Main St ,3,1.5,1944,1908,2014,109.05,212000
915,957 350th Ave ,3,2,1700,1966,2015,128.82,219000
916,1830 West St ,3,1.75,2044,1953,2014,116.44,238000
917,1816 Prairie St ,4,3,2078,1973,2014,117.9,245000
918,1606 Hobart St ,3,2.5,2482,1997,2014,102.74,255000
919,618 390th Ave ,4,2.5,2440,1900,2014,104.51,255000
920,108 East St ,4,3,1650,2013,2015,156.97,259000
921,36 Shoreline Dr ,3,2.75,1692,1996,2014,161.94,274000
922,730 370th Ave ,4,2.75,2328,1900,2014,119.85,279000
923,18 Shoreline Dr ,3,2.5,1760,1997,2014,161.93,285000
924,1764 HWY T-38 N-60 ,3,3.5,1860,2003,2014,153.23,285000
925,569 Hwy 6 ,4,3,1920,2006,2014,169.27,325000
926,2000 Country Club Dr ,4,3,2958,1968,2014,121.7,360000
927,311 11th Ave ,4,3,3359,1993,2014,107.92,362500
928,384 450th Ave ,3,2.5,1565,1987,2015,258.79,405000
929,154 Walnut Rd ,5,6,3792,1990,2014,159.81,606000
